{
  "diagnostic_note": "RK4 is transparent for lecture use but is not symplectic; Jacobi drift should be monitored for long integrations.",
  "dt": 0.01,
  "elapsed_time": 1.57,
  "final_state": [
    0.5634991821181872,
    0.8735514631121093,
    0.06581461461624596,
    -0.0068290394354404175
  ],
  "initial_condition": "l4",
  "initial_state": [
    0.5190466098202485,
    0.8660254037844386,
    0.0,
    0.0
  ],
  "integrator": "classical fourth-order Runge-Kutta",
  "jacobi_final": 2.9993544123924534,
  "jacobi_initial": 2.9993544123925187,
  "jacobi_max_abs_drift": 6.52811138479592e-14,
  "lagrange_points": {
    "L1": [
      0.9323771124446047,
      0.0
    ],
    "L2": [
      1.0688189143620677,
      0.0
    ],
    "L3": [
      -1.0003972458611048,
      0.0
    ],
    "L4": [
      0.4990466098202485,
      0.8660254037844386
    ],
    "L5": [
      0.4990466098202485,
      -0.8660254037844386
    ]
  },
  "model": "circular restricted three-body problem",
  "mu": 0.0009533901797514632,
  "outputs": {
    "json": "data/canonical/circular_restricted_three_body_quick.json"
  },
  "periods": 0.25,
  "preset": "sun-jupiter",
  "steps": 157,
  "units": {
    "primary_separation": 1.0,
    "rotating_frame_angular_velocity": 1.0,
    "total_primary_mass": 1.0
  }
}
