{
  "attitude_determinant_error": 1.9984014443252818e-15,
  "attitude_orthogonality_error": 2.8326619390615196e-15,
  "configuration": {
    "I1": 1.0,
    "I2": 2.0,
    "I3": 3.0,
    "dt": 0.005,
    "omega0": [
      0.05,
      1.0,
      0.05
    ],
    "steps": 200
  },
  "elapsed_time": 1.0,
  "energy_drift": 2.886579864025407e-15,
  "energy_final": 1.0050000000000028,
  "energy_initial": 1.005,
  "energy_max_abs_drift": 3.1086244689504383e-15,
  "integrator": "RK4 for Euler equations plus exponential attitude reconstruction",
  "model": "free rigid body Euler top",
  "momentum_sq_drift": 9.769962616701378e-15,
  "momentum_sq_final": 4.02500000000001,
  "momentum_sq_initial": 4.025,
  "momentum_sq_max_abs_drift": 1.1546319456101628e-14,
  "omega_final": [
    0.005710140853922893,
    1.0012329370787953,
    0.040957724987974495
  ],
  "outputs": {
    "json": "data/canonical/rigid_body_euler_top_quick.json"
  },
  "principal_axis_stability": {
    "axis_1": "stable",
    "axis_2": "unstable",
    "axis_3": "stable"
  },
  "spatial_momentum_max_drift": 1.313903480187108e-07
}
